{"sprites":[{"type":"Mario","x":40,"y":500,"w":60,"h":95,"vert_vel":0.0},{"type":"CoinBlock","x":21,"y":328,"w":89,"h":83},{"type":"Brick","x":233,"y":528,"w":353,"h":63},{"type":"Brick","x":242,"y":307,"w":60,"h":62},{"type":"CoinBlock","x":337,"y":291,"w":89,"h":83},{"type":"Brick","x":470,"y":296,"w":75,"h":54},{"type":"CoinBlock","x":715,"y":307,"w":89,"h":83},{"type":"Brick","x":819,"y":303,"w":78,"h":70},{"type":"CoinBlock","x":945,"y":296,"w":89,"h":83},{"type":"Brick","x":727,"y":559,"w":345,"h":33},{"type":"Brick","x":1169,"y":494,"w":361,"h":35},{"type":"Brick","x":1176,"y":249,"w":71,"h":70},{"type":"CoinBlock","x":1293,"y":244,"w":89,"h":83},{"type":"Brick","x":1412,"y":243,"w":66,"h":58},{"type":"Brick","x":1589,"y":335,"w":65,"h":54},{"type":"CoinBlock","x":1707,"y":360,"w":89,"h":83},{"type":"Brick","x":1826,"y":341,"w":80,"h":64},{"type":"Brick","x":2143,"y":136,"w":41,"h":37},{"type":"Brick","x":2265,"y":138,"w":33,"h":33},{"type":"Brick","x":2072,"y":211,"w":38,"h":41},{"type":"Brick","x":2115,"y":255,"w":41,"h":32},{"type":"Brick","x":2165,"y":295,"w":49,"h":21},{"type":"Brick","x":2229,"y":291,"w":58,"h":18},{"type":"Brick","x":2295,"y":258,"w":31,"h":36},{"type":"Brick","x":2336,"y":213,"w":36,"h":30}]}